Workbook

Sheet Enter Info
A2: cases needed | B2: 384
A4: freezer speed | B4: 15
A5: crusts per cycle | B5: 5
A6: cycle speed | B6: 7.8
A8: Speed adjustment | B8: 1
A10: pizzas per case | B10: 12
A11: cases per skid | B11: 48
A12: cases per layer | B12: 6
A14: total skids completed | B14: 5
A15: total number of trays | B15: 43
A16: total cases on current skid | B16: 6
A17: total baches ready | B17: 0
... A20: bough batch yeld | B20: 620

Sheet Dough
A1: Batches needed | B1: =roundup((((B4:C4*'Enter Info'!B10/'Enter Info'!B19)-'Enter Info'!B15)*'Enter Info'!B19/'Enter Info'!B20)-'Enter Info'!B17,2) -> 0.2
A2: Trays needed | B2: =roundup(((B4:C4*'Enter Info'!B10/'Enter Info'!B19)-'Enter Info'!B15),0) -> 5
A4: Cases Left To Run | B4: ='Enter Info'!B2-('Enter Info'!B14*'Enter Info'!B11)-'Enter Info'!B16-B6+'Enter Info'!B12 -> 96
A6: Approximate total cases on the line | B6: =rounddown(Timing!B1*'Enter Info'!B4/'Enter Info'!B10*'Enter Info'!B8,0) -> 48 | C6: =rounddown(Timing!C1*'Enter Info'!B4/'Enter Info'!B10,0) -> 48
A7: Approximate Buffer | B7: =C6-B6 -> 0
A9: Approximate Number of cases needed on last skid | B9: =roundup('Enter Info'!B11-Dough!C6,0) -> 0 | C9: =roundup('Enter Info'!B11-Dough!B6,0) -> 0
A11: Batches Per Skid | B11: =rounddown(('Enter Info'!B11*'Enter Info'!B10)/'Enter Info'!B20,2) -> 0.92
A12: Trays Per Skid | B12: =rounddown(('Enter Info'!B11*'Enter Info'!B10)/'Enter Info'!B19,0) -> 24
A13: Approximate number of trays per batch | B13: =ROUNDDOWN('Enter Info'!B20/'Enter Info'!B19,2) -> 25.83

Sheet Timing
A1: Approximate pizzas per min | B1: =rounddown('Enter Info'!B5*'Enter Info'!B6*'Enter Info'!B8,2) -> 39 | C1: ='Enter Info'!B5*'Enter Info'!B6 -> 39
B3: hrs | C3: min | D3: sec
A4: Total Time Left for Run | B4: =ROUNDDOWN(((((('Enter Info'!B2-('Enter Info'!B14*'Enter Info'!B11)-'Enter Info'!B16-Dough!B6))*'Enter Info'!B10/'Enter Info'!B5)*D5)/60/60),0) -> 0 | C4: =ROUNDDOWN((((((('Enter Info'!B2-('Enter Info'!B14*'Enter Info'!B11)-'Enter Info'!B16-Dough!B6))*'Enter Info'!B10/'Enter Info'!B5)*D5)/60/60)-B4)*60,0) -> 27 | D4: =ROUNDDOWN((((((((('Enter Info'!B2-('Enter Info'!B14*'Enter Info'!B11)-'Enter Info'!B16-Dough!B6))*'Enter Info'!B10/'Enter Info'!B5)*D5)/60/60)-B4)*60)-C4)*60,0) -> 41
A5: Time Per Press Cycle | D5: =rounddown((60/'Enter Info'!B6)/'Enter Info'!B8,2) -> 7.69
A6: Approximate time per tray | D6: =rounddown('Enter Info'!B19/'Enter Info'!B5*Timing!D5,2) -> 36.91
A7: Time per batch | C7: =rounddown(('Enter Info'!B20/'Enter Info'!B5*D5/60),0) -> 15 | D7: =roundup(((rounddown(('Enter Info'!B20/'Enter Info'!B5*D5/60),2))-C7)*60,0) -> 54
A8: Time per skid | C8: =rounddown(('Enter Info'!B11*'Enter Info'!B10/('Enter Info'!B6*'Enter Info'!B5)/'Enter Info'!B8),0) -> 14 | D8: =roundup(((rounddown(('Enter Info'!B11*'Enter Info'!B10/('Enter Info'!B6*'Enter Info'!B5)/'Enter Info'!B8),2))-C8)*60,0) -> 46
A10: Time Per 10 Tray Rack | C10: =rounddown(D6*10/60,0) -> 6 | D10: =roundup(((rounddown(D6*10/60,2))-C10)*60,0) -> 10
A11: Time Per 12 Tray Rack | C11: =rounddown(D6*12/60,0) -> 7 | D11: =roundup(((rounddown(D6*12/60,2))-C11)*60,0) -> 23
A12: Time Per 16 Tray Rack | C12: =rounddown(D6*16/60,0) -> 9 | D12: =roundup(((rounddown(D6*16/60,2))-C12)*60,0) -> 51
A13: Time Per 18 Tray Rack | C13: =rounddown(D6*18/60,0) -> 11 | D13: =roundup(((rounddown(D6*18/60,2))-C13)*60,0) -> 5
A14: Time Per 20 Tray Rack | C14: =rounddown(D6*20/60,0) -> 12 | D14: =roundup(((rounddown(D6*20/60,2))-C14)*60,0) -> 18
A15: Time Per 22 Tray Rack | C15: =rounddown(D6*22/60,0) -> 13 | D15: =roundup(((rounddown(D6*22/60,2))-C15)*60,0) -> 32
A17: Time For Dough Made | B17: =ROUNDDOWN(((('Enter Info'!B15*'Enter Info'!B19)+('Enter Info'!B17*'Enter Info'!B20))/'Enter Info'!B5)*D5/60/60,0) -> 0 | C17: =ROUNDDOWN(((((('Enter Info'!B15*'Enter Info'!B19)+('Enter Info'!B17*'Enter Info'!B20))/'Enter Info'!B5)*D5/60/60)-B17)*60,0) -> 26 | D17: =ROUNDDOWN(((((((('Enter Info'!B15*'Enter Info'!B19)+('Enter Info'!B17*'Enter Info'!B20))/'Enter Info'!B5)*D5/60/60)-B17)*60)-C17)*60,0) -> 27

Sheet Frontline
B2: Wieghts | D2: Need
A3: Sauce Weight | B3: 4
A4: Sauce Barrel Weight | B4: 450 | D4: =roundup((((Dough!B4*'Enter Info'!B10)+'Enter Info'!B12)*B3/16/B4),2) -> 0.65 | E4: Batches
A5: Applicator 1 weight | B5: 0
A6: Applicator 1 Batch weight | B6: 30 | D6: =roundup((Dough!B4*'Enter Info'!B10*B5/16/B6),2) -> 0 | E6: Batches
A7: Applicator 2 weight | B7: 4
A8: Applicator 2 Batch weight | B8: 55 | D8: =roundup((Dough!B4*'Enter Info'!B10*B7/16/B8),2) -> 5.24 | E8: Batches
A9: Applicator 3 weight | B9: 0
A10: Applicator 3 Batch weight | B10: 45 | D10: =roundup((Dough!B4*'Enter Info'!B10*B9/16/B10),2) -> 0 | E10: Batches
A11: Applicator 4 weight | B11: 4
A12: Applicator 4 Batch weight | B12: 55 | D12: =roundup((Dough!B4*'Enter Info'!B10*B11/16/B12),2) -> 5.24 | E12: Batches
A13: Pep weight | B13: 0 | D13: =roundup(Dough!B4*'Enter Info'!B10*B13/16,2) -> 0 | E13: Pounds
X67: /
V86: 222 222
